"RELIANCE.NS", "TCS.NS", "HDFCBANK.NS", "INFY.NS", "ICICIBANK.NS", 
        "SBIN.NS", "BHARTIARTL.NS", "LICI.NS", "ITC.NS", "HINDUNILVR.NS",
        "LT.NS", "HCLTECH.NS", "KOTAKBANK.NS", "AXISBANK.NS", "BAJFINANCE.NS",
        "TATASTEEL.NS", "TITAN.NS", "TATAMOTORS.NS", "SUNPHARMA.NS", "M&M.NS",
        "MARUTI.NS", "ADANIENT.NS", "POWERGRID.NS", "ULTRACEMCO.NS", "NTPC.NS",
        "NESTLEIND.NS", "ASIANPAINT.NS", "BAJAJFINSV.NS", "JIOFIN.NS", "TRENT.NS",
        "JSWSTEEL.NS", "COALINDIA.NS", "WIPRO.NS", "DMART.NS", "GODREJCP.NS",
        "IOC.NS", "DABUR.NS", "DLF.NS", "CHOLAFIN.NS", "BPCL.NS",
        "TATAPOWER.NS", "GRASIM.NS", "CIPLA.NS", "VEDL.NS", "PIDILITIND.NS",
        "INDUSINDBK.NS", "SBILIFE.NS", "VBL.NS", "ABB.NS", "TECHM.NS"
